ID,Overall Rating,First Name,Last Name,Birthdate,Height (inches),Weight (lbs),College,Handedness,Age,Jersey Number,Years Pro,Team,Position,Iteration,Archetype,acceleration,agility,jumping,stamina,strength,awareness,bCVision,blockShedding,breakSack,breakTackle,carrying,catchInTraffic,catching,changeOfDirection,deepRouteRunning,finesseMoves,hitPower,impactBlocking,injury,jukeMove,kickAccuracy,kickPower,kickReturn,leadBlock,manCoverage,mediumRouteRunning,overall,passBlock,passBlockFinesse,passBlockPower,playAction,playRecognition,powerMoves,press,pursuit,release,runBlock,runBlockFinesse,runBlockPower,runningStyle,shortRouteRunning,spectacularCatch,speed,spinMove,stiffArm,tackle,throwAccuracyDeep,throwAccuracyMid,throwAccuracyShort,throwOnTheRun,throwPower,throwUnderPressure,toughness,trucking,zoneCoverage
12556,99,Christian,McCaffrey,6/7/1996,71,205,Stanford,1,28,23,7,San Francisco 49ers,Halfback,Week 8 Ratings,Receiving Back - HB,93,95,90,93,74,99,97,32,38,90,95,72,83,93,67,10,27,45,87,94,23,29,88,47,12,76,99,64,32,36,31,27,10,15,44,76,38,22,22,None,83,75,91,87,80,36,33,41,45,47,52,37,93,65,17
20961,99,Justin,Jefferson,6/16/1999,73,195,LSU,1,25,18,4,Minnesota Vikings,Wide Receiver,Week 8 Ratings,Deep Threat - WR,93,93,97,98,64,99,90,24,23,81,73,98,96,97,98,24,43,52,94,93,12,18,61,34,18,98,99,25,13,18,24,19,18,18,41,99,51,27,29,Long Stride Loose,98,99,92,80,75,36,24,30,35,33,43,29,87,61,26
12635,99,Patrick,Mahomes,9/17/1995,74,225,Texas Tech,1,28,15,7,Kansas City Chiefs,Quarterback,Week 8 Ratings,Improviser - QB,88,87,74,97,70,99,89,24,92,75,66,32,59,87,15,10,18,27,94,74,10,20,10,23,17,17,99,10,10,10,96,22,10,10,37,22,23,10,10,Default,27,30,87,71,57,26,86,94,98,98,97,98,99,70,19
890,99,Travis,Kelce,10/5/1989,77,250,Cincinnati,1,34,87,11,Kansas City Chiefs,Tight End,Week 8 Ratings,Vertical Threat - TE,87,85,94,97,79,99,92,40,42,78,72,90,96,75,79,20,15,74,97,83,32,35,6,59,12,85,99,66,63,64,29,15,20,10,42,85,69,66,65,Long Stride High and Tight,88,93,85,71,85,45,49,53,64,47,70,33,94,78,14
9800,99,Trent,Williams,7/19/1988,77,320,Oklahoma,1,36,71,14,San Francisco 49ers,Left Tackle,Week 8 Ratings,Power - OT,75,72,83,91,98,99,10,32,12,7,40,15,20,57,5,10,60,99,88,10,10,11,10,99,10,5,99,93,90,96,6,19,10,10,33,15,98,99,98,Default Stride Awkward,15,51,77,10,10,39,6,6,6,6,12,14,98,10,14
13203,98,Fred,Warner,11/19/1996,75,230,BYU,0,27,54,6,San Francisco 49ers,Middle Linebacker,Week 8 Ratings,Field General - MLB,92,84,94,97,80,99,56,80,12,21,63,60,78,83,5,62,85,78,96,59,10,13,10,23,77,5,98,45,45,45,6,99,52,58,99,20,45,45,45,Short Stride Bread Loaf,15,60,88,53,34,93,6,6,6,6,14,10,88,46,86
12836,98,George,Kittle,10/9/1993,76,250,Iowa,1,30,85,7,San Francisco 49ers,Tight End,Week 8 Ratings,Possession - TE,88,84,90,94,82,97,90,31,18,81,75,89,95,78,77,18,38,78,86,81,22,19,31,65,15,81,98,62,58,62,10,35,20,20,36,83,77,71,76,Default Stride Loose,84,89,88,64,83,34,10,15,20,10,30,14,98,84,24
13092,98,Lamar,Jackson,1/7/1997,74,210,Louisville,1,27,8,6,Baltimore Ravens,Quarterback,Week 8 Ratings,Improviser - QB,95,95,91,92,63,98,98,16,98,82,70,17,64,96,13,10,27,29,89,91,19,12,10,21,12,15,98,13,13,13,98,10,12,10,38,17,14,14,14,Short Stride Default,20,15,95,83,80,35,85,95,97,97,93,96,96,39,12
21476,98,Micah,Parsons,5/26/1999,75,245,Penn State,1,25,11,3,Dallas Cowboys,Left Outside Linebacker,Week 8 Ratings,Speed Rusher - OLB,95,91,85,89,87,95,71,78,12,57,69,44,62,77,31,96,84,81,93,71,20,20,60,20,61,36,98,45,45,45,6,93,89,57,94,36,45,45,45,Default Stride Loose,40,47,91,61,58,89,6,6,6,6,30,15,87,62,64
12520,98,Myles,Garrett,12/29/1995,76,272,Texas AM,1,28,95,7,Cleveland Browns,Right Defensive End,Week 8 Ratings,Power Rusher - DE,91,86,94,88,96,95,39,90,12,34,55,21,52,72,4,91,84,87,88,36,20,20,10,17,51,8,98,45,45,45,10,91,98,44,97,31,45,45,45,Long Stride Default,15,25,87,40,48,92,27,30,31,23,55,16,87,36,51
12562,98,T.J.,Watt,10/11/1994,76,252,Wisconsin,1,29,90,7,Pittsburgh Steelers,Left Outside Linebacker,Week 8 Ratings,Speed Rusher - OLB,88,84,88,87,85,99,49,89,12,23,53,52,72,71,7,97,87,76,86,46,50,57,6,16,59,14,98,45,45,45,6,98,87,43,98,22,45,45,45,Long Stride Loose,24,57,84,37,54,95,6,6,6,6,25,16,95,52,65
17838,98,Tyreek,Hill,3/1/1994,70,191,West Alabama,0,30,10,8,Miami Dolphins,Wide Receiver,Week 8 Ratings,Deep Threat - WR,98,98,92,92,64,96,97,21,28,85,77,87,94,98,97,10,25,40,92,95,15,13,92,20,10,97,98,33,19,19,19,26,10,30,33,95,59,12,17,None,97,91,99,84,45,27,23,28,31,28,41,24,93,37,20
17676,97,Chris,Jones,7/3/1994,78,310,Mississippi St.,1,30,95,8,Kansas City Chiefs,Defensive Tackle,Week 8 Ratings,Power Rusher - DT,79,74,63,87,96,99,27,89,12,10,29,14,29,62,3,90,86,90,93,31,17,17,9,19,23,6,97,44,45,44,6,95,98,13,97,15,44,45,46,Default Stride High and Tight,13,16,72,21,29,91,6,6,6,6,23,16,93,33,29
17557,97,Derrick,Henry,1/4/1994,75,247,Alabama,1,30,22,8,Baltimore Ravens,Halfback,Week 8 Ratings,Power Back - HB,87,84,88,98,87,98,96,36,29,95,97,47,66,79,41,12,33,47,93,86,20,21,36,49,14,49,97,65,38,43,15,20,11,16,41,47,42,31,35,None,56,55,91,75,99,44,23,29,40,32,42,26,97,91,19
20552,97,Dexter,Lawrence II,11/12/1997,76,342,Clemson,1,26,97,5,NY Giants,Defensive Tackle,Week 8 Ratings,Power Rusher - DT,79,70,74,87,99,98,26,87,12,17,42,23,36,54,12,79,82,88,93,23,15,15,40,43,13,14,97,45,45,45,6,98,95,14,94,12,45,45,45,Long Stride Loose,18,22,76,19,31,93,6,6,6,6,19,10,91,46,24
13202,97,Jessie,Bates III,2/26/1997,73,200,Wake Forest,1,27,3,6,Atlanta Falcons,Free Safety,Week 8 Ratings,Zone - S,92,89,85,95,59,99,74,56,10,48,69,65,83,85,10,37,85,61,92,78,12,18,78,20,86,15,97,35,35,35,10,98,25,66,93,13,35,35,35,Default,20,70,90,69,36,82,10,10,10,10,25,23,88,41,96
21764,97,Patrick,Surtain II,4/14/2000,74,202,Alabama,1,24,2,3,Denver Broncos,Cornerback,Week 8 Ratings,Manto Man - CB,92,90,92,96,63,98,70,54,15,55,64,63,76,91,20,48,67,55,92,73,11,19,55,19,98,24,97,35,35,35,6,98,36,95,81,31,35,35,35,Long Stride Loose,30,72,93,62,46,69,6,6,6,6,28,13,86,32,97
20932,96,CeeDee,Lamb,4/8/1999,74,200,Oklahoma,1,25,88,4,Dallas Cowboys,Wide Receiver,Week 8 Ratings,Deep Threat - WR,91,94,96,93,70,98,96,30,35,86,76,93,97,93,95,10,29,46,93,92,33,48,80,33,18,95,96,39,25,27,21,16,10,17,31,97,54,22,27,Short Stride High and Tight,93,98,90,86,81,38,21,26,31,32,37,25,91,71,25
20571,96,Maxx,Crosby,8/22/1997,77,255,Eastern Michigan,1,27,98,5,Las Vegas Raiders,Left Outside Linebacker,Week 8 Ratings,Speed Rusher - OLB,89,84,85,98,85,99,41,85,12,27,41,29,41,72,16,95,88,83,94,34,12,17,20,20,40,20,96,45,45,44,6,97,88,25,98,25,45,45,46,Long Stride Loose,25,31,86,30,39,96,6,6,6,6,22,10,86,34,48
20565,96,Nick,Bosa,10/23/1997,76,266,Ohio State,1,26,97,5,San Francisco 49ers,Left Defensive End,Week 8 Ratings,Smaller Speed Rusher - DE,91,88,81,87,94,96,30,85,12,21,38,27,45,73,6,98,84,83,87,38,17,17,10,18,30,10,96,45,45,44,6,94,94,31,96,16,45,45,45,Long Stride Loose,17,23,81,32,34,91,6,6,6,6,25,14,90,31,42
21540,96,Penei,Sewell,10/9/2000,78,325,Oregon,1,23,58,3,Detroit Lions,Right Tackle,Week 8 Ratings,Power - OT,73,60,70,95,97,97,20,35,13,15,35,17,44,58,5,16,33,96,94,10,20,23,10,97,12,17,96,88,84,92,6,19,24,10,37,15,98,98,97,Default Stride Awkward,28,15,69,10,25,32,6,6,6,6,18,14,91,30,12
13082,96,Roquan,Smith,4/8/1997,73,232,Georgia,1,27,0,6,Baltimore Ravens,Middle Linebacker,Week 8 Ratings,Field General - MLB,90,88,81,98,80,91,41,78,12,36,54,40,72,82,11,60,88,84,95,47,22,14,10,22,73,12,96,45,45,45,10,93,68,56,98,22,45,45,45,Default Stride Loose,13,39,87,31,35,99,6,8,10,13,25,10,95,39,79
22260,96,Sauce,Gardner,8/31/2000,75,200,Cincinnati,1,24,1,2,NY Jets,Cornerback,Week 8 Ratings,Manto Man - CB,94,91,92,95,65,94,72,55,20,61,64,64,76,91,18,52,69,55,96,75,16,17,40,21,97,22,96,35,35,35,6,97,38,96,78,35,35,35,35,Long Stride Default,32,65,93,67,41,59,6,6,6,6,27,10,92,36,96
20495,95,A.J.,Brown,6/30/1997,73,226,Ole Miss,1,27,11,5,Philadelphia Eagles,Wide Receiver,Week 8 Ratings,Physical - WR,92,86,95,92,79,91,94,26,40,89,73,96,97,88,86,10,17,53,86,91,16,17,72,33,18,90,95,41,19,24,16,15,10,16,33,98,57,31,37,Default Stride Loose,95,98,91,82,87,23,25,29,34,40,41,30,90,77,27
21606,95,Amon-Ra,St. Brown,10/24/1999,72,195,USC,1,24,14,3,Detroit Lions,Wide Receiver,Week 8 Ratings,Slot - WR,91,91,91,92,67,97,90,33,27,76,73,94,99,87,88,10,23,48,90,86,14,20,74,26,12,96,95,30,23,27,24,19,10,20,36,88,47,28,36,Default,96,90,90,78,62,34,25,34,40,35,48,32,85,57,19
17538,95,Jalen,Ramsey,10/24/1994,73,208,Florida State,1,29,5,8,Miami Dolphins,Cornerback,Week 8 Ratings,Manto Man - CB,94,90,94,94,71,95,72,50,34,68,71,55,83,90,12,41,82,65,87,78,17,18,80,22,95,24,95,21,34,33,16,94,35,98,79,27,34,34,33,Short Stride Default,36,72,92,69,57,72,21,26,33,24,27,17,90,42,93
927,95,Lane,Johnson,5/8/1990,78,325,Oklahoma,1,34,65,11,Philadelphia Eagles,Right Tackle,Week 8 Ratings,Power - OT,79,75,82,88,89,95,60,56,39,30,67,58,64,59,25,60,60,95,84,54,22,25,10,93,12,33,95,96,89,96,39,29,53,10,55,45,94,92,96,Default,46,57,77,50,55,60,50,54,59,52,65,41,91,65,20
17541,95,Laremy,Tunsil,8/2/1994,77,313,Ole Miss,1,30,78,8,Houston Texans,Left Tackle,Week 8 Ratings,Pass Protector - OT,67,67,71,87,92,94,18,27,12,12,31,22,26,52,6,14,26,90,89,17,17,20,9,86,11,9,95,96,94,96,6,18,18,9,29,22,83,84,83,Default Stride Awkward,19,20,70,13,26,35,6,6,6,6,22,14,86,32,13
13129,95,Nick,Chubb,12/27/1995,71,227,Georgia,1,28,24,6,Cleveland Browns,Halfback,Week 8 Ratings,Power Back - HB,89,83,92,94,86,91,95,29,28,97,97,53,69,81,41,12,35,35,90,87,12,17,35,37,12,48,95,65,25,39,15,18,18,13,35,48,37,30,34,Default Stride High and Tight,56,54,90,74,94,29,15,20,25,17,26,15,92,93,16
20971,95,Tristan,Wirfs,1/24/1999,77,320,Iowa,1,25,78,4,Tampa Bay Buccaneers,Left Tackle,Week 8 Ratings,Pass Protector - OT,78,64,87,93,94,96,22,25,12,20,36,15,37,58,5,10,38,95,95,16,12,15,10,92,12,5,95,94,95,95,6,17,10,10,30,15,89,91,87,Long Stride Loose,15,15,77,13,34,38,6,6,6,6,11,10,93,36,13
22145,94,Aidan,Hutchinson,8/9/2000,78,265,Michigan,0,24,97,2,Detroit Lions,Left Defensive End,Week 8 Ratings,Smaller Speed Rusher - DE,89,85,85,87,87,98,46,79,12,33,59,56,64,70,38,96,85,86,91,52,12,14,10,30,43,44,94,45,45,45,6,96,89,31,94,52,45,45,45,Long Stride Default,50,62,82,46,50,88,6,8,10,6,24,18,92,48,53
21017,94,Antoine,Winfield Jr,8/16/1998,69,203,Minnesota,1,26,31,4,Tampa Bay Buccaneers,Free Safety,Week 8 Ratings,Run Support - S,92,89,89,94,59,95,82,64,21,72,67,71,77,86,15,57,86,64,88,83,20,20,83,18,82,20,94,35,35,35,6,97,46,68,92,33,35,35,35,Short Stride Default,30,73,91,73,53,80,6,6,6,6,35,13,87,52,90
13197,94,Josh,Allen,5/21/1996,77,237,Wyoming,1,28,17,6,Buffalo Bills,Quarterback,Week 8 Ratings,Improviser - QB,92,85,92,96,80,88,96,23,96,84,61,20,40,82,13,9,11,26,99,81,14,22,13,17,12,15,94,14,10,15,94,15,9,9,33,18,17,10,10,Default,22,23,88,77,83,32,88,89,94,95,99,92,98,75,18
10857,94,Mike,Evans,8/21/1993,77,231,Texas AM,1,31,13,10,Tampa Bay Buccaneers,Wide Receiver,Week 8 Ratings,Physical - WR,90,81,97,94,78,98,89,35,22,82,80,97,95,82,87,10,15,59,95,83,24,25,55,39,40,87,94,45,23,25,10,15,10,20,25,96,55,35,38,Default Stride Loose,89,97,92,76,84,39,15,20,25,15,35,20,94,72,27
13084,94,Minkah,Fitzpatrick,11/17/1996,73,207,Alabama,0,27,39,6,Pittsburgh Steelers,Free Safety,Week 8 Ratings,Zone - S,92,91,90,93,64,92,81,60,18,58,66,59,79,87,18,50,85,63,94,79,13,15,68,18,82,23,94,35,35,35,6,93,38,77,87,29,35,35,35,Short Stride Loose,28,62,91,69,55,79,6,6,6,6,15,16,88,47,95
13085,94,Saquon,Barkley,2/9/1997,72,227,Penn State,1,27,26,6,Philadelphia Eagles,Halfback,Week 8 Ratings,Elusive Back - HB,92,94,94,94,81,96,84,24,31,88,96,62,74,90,65,25,17,37,84,93,14,19,81,34,15,67,94,60,33,38,18,21,17,10,36,69,36,31,35,Default,75,73,93,89,88,28,29,34,41,36,41,18,90,84,13
12348,94,Zack,Martin,11/20/1990,76,315,Notre Dame,1,33,70,10,Dallas Cowboys,Right Guard,Week 8 Ratings,Power - G,74,63,70,96,93,97,10,27,12,5,40,15,32,59,5,10,20,93,98,10,14,9,10,92,9,5,94,91,89,92,6,31,10,10,48,15,94,95,94,Default Stride Awkward,15,15,72,10,10,28,6,6,6,6,29,14,96,24,11
21551,93,Creed,Humphrey,6/28/1998,76,302,Oklahoma,0,26,52,3,Kansas City Chiefs,Center,Week 8 Ratings,Power - C,79,67,80,94,90,97,10,26,12,8,34,15,25,58,6,10,25,93,93,10,11,14,10,93,7,8,93,89,86,92,6,25,10,10,30,21,94,96,91,Default Stride Awkward,15,21,69,10,10,39,6,6,6,6,24,14,98,18,11
11555,93,Demario,Davis,1/11/1989,74,248,Arkansas St.,1,35,56,12,New Orleans Saints,Middle Linebacker,Week 8 Ratings,Field General - MLB,87,79,86,96,85,98,20,79,12,25,62,15,63,72,5,64,90,86,98,25,20,26,10,24,71,5,93,45,45,45,6,96,57,40,94,12,45,45,45,Long Stride Default,15,15,88,15,45,92,6,6,6,6,25,16,93,45,79
21586,93,Ja'Marr,Chase,3/1/2000,72,201,LSU,1,24,1,3,Cincinnati Bengals,Wide Receiver,Week 8 Ratings,Deep Threat - WR,93,89,98,94,73,92,93,37,29,86,71,89,98,93,91,10,27,46,92,88,17,24,60,27,13,93,93,37,20,26,10,17,10,15,36,93,56,30,34,Default,92,96,94,81,72,34,10,15,20,19,33,22,88,69,17
13109,93,Jaire,Alexander,2/9/1997,70,196,Louisville,1,27,23,6,Green Bay Packers,Cornerback,Week 8 Ratings,Manto Man - CB,93,93,85,93,60,92,71,53,22,64,62,56,78,95,13,36,66,57,86,85,13,22,81,13,95,15,93,35,35,35,6,91,24,92,77,14,35,35,35,Short Stride Loose,20,66,92,76,26,54,6,6,6,6,26,13,64,25,94
20948,93,Joe,Burrow,12/10/1996,76,215,LSU,1,27,9,4,Cincinnati Bengals,Quarterback,Week 8 Ratings,Field General - QB,86,82,74,94,68,95,86,30,91,69,62,19,40,79,15,10,29,29,89,64,17,21,10,20,29,19,93,15,15,25,83,27,10,25,38,18,15,20,30,Long Stride Default,28,26,83,68,49,36,94,96,99,90,87,94,97,57,33
12625,93,Joe,Mixon,7/24/1996,73,220,Oklahoma,1,28,28,7,Houston Texans,Halfback,Week 8 Ratings,Elusive Back - HB,91,89,84,96,82,97,94,34,22,87,99,64,75,88,56,14,38,43,92,92,16,24,76,46,10,58,93,55,26,31,28,15,11,12,38,52,58,35,36,Default,65,72,91,81,88,37,29,33,38,36,46,17,91,85,20
20547,93,Quinnen,Williams,12/20/1997,75,303,Alabama,1,26,95,5,NY Jets,Defensive Tackle,Week 8 Ratings,Run Stopper - DT,84,79,75,80,92,95,26,91,12,16,39,22,34,62,5,80,85,89,91,29,17,17,9,39,18,8,93,44,45,44,6,94,88,14,93,15,45,45,46,Long Stride Loose,13,21,80,24,44,92,6,6,6,6,23,12,90,41,30
20369,92,Chris,Lindstrom,2/28/1997,75,307,Boston College,1,27,63,5,Atlanta Falcons,Right Guard,Week 8 Ratings,Power - G,81,69,75,91,92,98,14,15,12,8,19,18,26,58,5,10,28,90,94,14,25,25,10,98,12,6,92,84,82,87,6,10,10,10,23,12,96,98,90,Default Stride Awkward,16,14,77,10,27,32,6,6,6,6,23,10,92,31,12
21534,92,Christian,Darrisaw,6/2/1999,77,315,Virginia Tech,1,25,71,3,Minnesota Vikings,Left Tackle,Week 8 Ratings,Pass Protector - OT,72,67,70,87,92,92,15,34,12,8,25,25,26,54,5,16,33,97,87,10,13,17,10,88,12,5,92,93,90,95,6,15,21,10,25,15,86,88,84,Default Stride Awkward,15,15,70,10,20,29,6,6,6,6,13,10,85,33,13
13110,92,Frank,Ragnow,5/17/1996,77,311,Arkansas,1,28,77,6,Detroit Lions,Center,Week 8 Ratings,Agile - C,76,58,80,92,92,96,12,27,12,16,29,17,23,55,5,10,30,88,87,10,16,19,10,96,10,10,92,86,87,85,6,21,10,10,29,15,95,97,93,Long Stride Awkward,15,14,74,10,10,29,6,6,6,6,17,12,97,22,11
17777,92,Joe,Thuney,11/18/1992,77,304,N.C. State,1,31,62,8,Kansas City Chiefs,Left Guard,Week 8 Ratings,Pass Protector - G,77,68,71,93,88,95,18,33,12,8,33,15,26,57,5,10,48,87,97,14,11,11,10,79,12,5,92,91,92,90,6,10,10,10,35,15,82,84,80,Default Stride Awkward,15,15,74,10,19,29,6,6,6,6,25,16,94,31,12
13112,92,Mark,Andrews,9/6/1995,77,247,Oklahoma,1,28,89,6,Baltimore Ravens,Tight End,Week 8 Ratings,Vertical Threat - TE,90,80,93,96,81,92,86,28,16,73,73,91,91,76,76,10,25,67,92,80,10,12,10,49,12,78,92,54,54,50,5,15,10,10,32,84,67,66,63,Long Stride Default,85,91,87,68,82,27,5,10,15,10,25,15,89,73,15
12544,92,Marlon,Humphrey,7/8/1996,72,205,Alabama,1,28,44,7,Baltimore Ravens,Cornerback,Week 8 Ratings,Manto Man - CB,93,86,85,97,74,93,68,57,16,56,62,52,75,89,10,51,78,60,88,76,25,30,62,20,92,11,92,35,35,35,6,93,37,96,79,15,35,35,35,Short Stride Default,15,65,91,61,36,71,6,6,6,6,22,10,79,29,88
20982,92,Nnamdi,Madubuike,11/17/1997,75,293,Texas AM,1,26,92,4,Baltimore Ravens,Left Defensive End,Week 8 Ratings,Run Stopper - DE,83,73,70,79,95,97,17,83,12,10,30,25,44,63,3,88,85,83,91,25,12,15,10,27,22,7,92,45,45,45,6,96,76,20,95,15,45,45,45,Default Stride Loose,15,28,81,30,25,96,6,6,6,6,16,10,88,34,26
964,92,Terron,Armstead,7/23/1991,77,305,Arkansas P.B.,1,33,72,11,Miami Dolphins,Left Tackle,Week 8 Ratings,Pass Protector - OT,75,67,83,89,89,94,30,25,12,15,62,56,65,57,26,10,20,85,80,35,25,25,10,82,15,34,92,93,93,93,6,17,10,10,24,45,87,90,85,Default Stride Awkward,44,53,77,25,33,37,6,6,6,6,30,16,86,35,20
20435,92,Terry,McLaurin,9/15/1995,72,210,Ohio State,1,28,17,5,Washington Commanders,Wide Receiver,Week 8 Ratings,Deep Threat - WR,92,87,88,96,67,95,88,41,22,82,76,94,97,88,90,11,34,45,93,88,14,16,40,22,16,89,92,37,11,15,6,19,11,16,53,92,50,18,23,Short Stride Default,88,92,93,78,56,41,6,10,15,10,32,18,92,50,24
22265,92,Trent,McDuffie,9/13/2000,71,193,Washington,1,23,22,2,Kansas City Chiefs,Cornerback,Week 8 Ratings,Manto Man - CB,93,94,91,91,61,94,63,55,15,53,59,52,65,91,11,38,67,46,89,73,21,22,68,15,93,16,92,33,34,33,6,95,29,87,83,17,34,34,33,Short Stride Loose,26,61,91,66,23,68,6,6,6,6,27,10,86,26,90
10698,91,Cameron,Heyward,5/6/1989,77,295,Ohio State,1,35,97,13,Pittsburgh Steelers,Right Defensive End,Week 8 Ratings,Run Stopper - DE,71,68,74,87,93,97,29,93,12,11,39,10,48,60,2,73,93,88,92,10,11,12,10,17,22,3,91,45,45,45,6,99,88,10,92,12,45,45,45,Long Stride Loose,10,22,72,10,46,93,6,6,6,6,21,18,95,36,32
13507,91,Charvarius,Ward,5/16/1996,73,196,Mid Tenn St.,1,28,7,6,San Francisco 49ers,Cornerback,Week 8 Ratings,Zone - CB,87,86,89,92,65,96,66,46,33,63,61,55,73,85,21,47,54,56,88,79,12,15,42,16,91,28,91,23,35,35,21,97,41,92,78,39,35,35,35,Short Stride Loose,31,60,91,72,54,75,7,11,16,22,21,14,81,63,95
10823,91,Davante,Adams,12/24/1992,73,215,Fresno State,1,31,17,10,NY Jets,Wide Receiver,Week 8 Ratings,Deep Threat - WR,90,95,96,97,63,89,94,52,22,85,76,93,90,95,92,10,15,45,97,91,30,25,45,25,18,92,91,38,17,13,6,26,10,25,43,94,48,12,20,Default Stride Loose,94,95,90,84,75,42,6,10,15,10,45,20,88,63,24
13101,91,Denzel,Ward,4/28/1997,71,190,Ohio State,1,27,21,6,Cleveland Browns,Cornerback,Week 8 Ratings,Manto Man - CB,95,95,92,92,61,89,66,50,18,60,66,48,77,95,20,33,72,51,88,80,13,18,67,17,91,26,91,35,35,35,6,88,26,85,72,26,35,35,35,Short Stride Loose,30,66,94,66,28,53,8,10,15,6,31,15,86,19,87
20410,91,Josh,Hines-Allen,7/13/1997,77,255,Kentucky,1,27,41,5,Jacksonville Jaguars,Right Defensive End,Week 8 Ratings,Smaller Speed Rusher - DE,89,84,81,88,84,95,53,78,12,37,67,61,74,73,36,92,82,85,92,55,17,15,20,12,52,40,91,45,45,45,6,93,80,58,90,44,45,45,45,Default Stride Loose,48,60,88,48,52,86,6,6,6,6,24,10,91,51,62
12528,91,Marshon,Lattimore,5/20/1996,72,192,Ohio State,1,28,23,7,New Orleans Saints,Cornerback,Week 8 Ratings,Manto Man - CB,93,90,91,90,72,90,74,52,17,67,61,60,75,90,17,44,69,55,87,80,25,30,70,15,90,24,91,35,35,35,6,92,32,97,72,20,35,35,35,Default,34,72,91,73,33,73,6,6,6,6,22,10,82,23,92
13081,91,Quenton,Nelson,3/19/1996,77,330,Notre Dame,0,28,56,6,Indianapolis Colts,Left Guard,Week 8 Ratings,Agile - G,68,68,67,90,95,99,16,27,12,11,35,10,19,58,10,10,28,91,95,12,15,21,10,94,9,10,91,88,90,86,6,18,10,10,36,12,88,87,89,Long Stride Awkward,10,12,71,10,10,34,6,6,6,6,27,15,91,37,10
21541,91,Rashawn,Slater,3/26/1999,76,315,Northwestern,1,25,70,3,Los Angeles Chargers,Left Tackle,Week 8 Ratings,Pass Protector - OT,82,68,80,89,91,87,12,25,12,12,24,15,25,59,5,24,21,92,90,10,15,11,10,82,12,10,91,93,91,94,6,24,30,10,29,12,80,83,77,Default Stride Awkward,12,15,75,10,15,35,6,6,6,6,10,15,88,25,9
2454,91,Stefon,Diggs,11/29/1993,72,191,Maryland,1,30,1,9,Houston Texans,Wide Receiver,Week 8 Ratings,,94,92,91,95,62,90,95,34,27,83,72,91,92,94,89,10,12,49,94,90,30,30,85,29,33,91,91,39,22,20,18,20,10,27,35,90,53,33,36,Default Stride Loose,91,93,92,88,64,27,18,23,27,27,46,20,92,42,38
20518,91,T.J.,Hockenson,7/3/1997,77,248,Iowa,1,27,87,5,Minnesota Vikings,Tight End,Week 8 Ratings,Vertical Threat - TE,87,83,89,90,80,94,80,47,17,71,79,88,94,80,75,46,51,66,87,70,34,38,10,57,27,79,91,59,55,57,10,34,37,26,56,82,64,63,61,Long Stride Default,83,90,84,69,77,46,10,15,20,10,28,15,89,68,36
21023,91,Xavier,McKinney,8/8/1998,72,201,Alabama,1,26,29,4,Green Bay Packers,Strong Safety,Week 8 Ratings,Run Support - S,90,88,86,90,67,92,62,61,15,38,62,50,79,85,10,54,84,64,88,71,12,15,40,14,80,10,91,35,35,35,6,93,46,77,85,20,35,35,35,Default Stride Loose,10,72,88,62,47,82,6,6,6,6,25,10,91,37,89
21069,90,Brandon,Aiyuk,3/17/1998,72,200,Arizona St.,1,26,11,4,San Francisco 49ers,Wide Receiver,Week 8 Ratings,Slot - WR,93,93,95,90,65,92,89,50,28,81,72,88,94,90,83,34,50,45,92,86,13,19,79,29,48,89,90,36,14,19,10,38,29,43,58,85,48,32,28,Default Stride Loose,90,89,91,82,70,49,15,20,25,24,33,23,87,62,53
12549,90,Budda,Baker,1/10/1996,70,195,Washington,1,28,3,7,Arizona Cardinals,Strong Safety,Week 8 Ratings,Run Support - S,92,91,86,94,72,91,76,62,27,57,72,71,75,90,36,49,89,68,91,81,20,20,66,23,80,41,90,35,35,35,15,91,40,77,88,47,35,35,35,Short Stride Loose,51,75,91,72,36,76,10,10,15,15,25,17,93,36,84
12362,90,C.J.,Mosley,6/19/1992,74,231,Alabama,0,32,57,10,NY Jets,Middle Linebacker,Week 8 Ratings,Field General - MLB,87,85,85,94,75,89,57,77,12,32,66,57,74,71,5,57,90,87,90,46,20,20,10,28,71,5,90,45,45,45,6,88,63,49,93,25,45,45,45,Default,15,60,85,40,45,96,6,6,6,6,25,10,90,38,82
2540,90,Danielle,Hunter,10/29/1994,77,263,LSU,1,29,55,9,Houston Texans,Right Defensive End,Week 8 Ratings,Smaller Speed Rusher - DE,89,83,88,86,82,94,35,80,12,24,46,10,36,71,2,91,76,84,86,40,11,15,10,14,38,3,90,45,45,45,6,89,84,30,89,12,45,45,45,Default Stride Loose,10,12,88,55,28,87,6,6,6,6,15,12,81,44,50
12532,90,David,Njoku,7/10/1996,76,246,Miami,1,28,85,7,Cleveland Browns,Tight End,Week 8 Ratings,Vertical Threat - TE,90,83,95,88,72,93,87,42,12,79,77,85,90,74,73,10,15,65,87,79,19,15,40,50,26,76,90,65,58,63,6,13,10,10,37,81,63,63,57,Long Stride High and Tight,80,87,87,74,80,36,6,10,15,10,13,10,78,72,23
13080,90,Derwin,James Jr,8/3/1996,74,215,Florida State,0,28,3,6,Los Angeles Chargers,Strong Safety,Week 8 Ratings,Run Support - S,92,89,93,95,80,92,73,66,24,59,72,56,77,86,17,60,92,73,86,77,15,19,78,20,79,22,90,35,35,35,15,91,68,83,88,24,35,35,35,Default Stride Loose,27,67,90,67,47,76,10,13,18,22,34,10,91,46,82
20488,90,Josh,Jacobs,2/11/1998,70,220,Alabama,1,26,8,5,Green Bay Packers,Halfback,Week 8 Ratings,Power Back - HB,91,86,84,95,83,92,92,28,39,93,91,53,72,84,41,10,25,54,93,90,10,15,77,38,22,55,90,59,36,40,19,20,10,20,36,51,39,27,33,Default,62,55,89,80,90,34,23,31,37,27,36,19,95,90,30
12344,90,Khalil,Mack,2/22/1991,75,269,Buffalo,1,33,52,10,Los Angeles Chargers,Right Outside Linebacker,Week 8 Ratings,Power Rusher - OLB,87,85,94,87,87,89,55,87,12,31,61,54,62,71,5,84,88,90,92,54,22,24,10,28,50,5,90,45,45,45,6,88,92,48,88,28,45,45,45,Default Stride Loose,15,53,86,60,51,86,6,6,6,6,32,12,92,55,59
17545,90,Ronnie,Stanley,3/18/1994,78,315,Notre Dame,1,30,79,8,Baltimore Ravens,Left Tackle,Week 8 Ratings,Pass Protector - OT,68,69,71,87,92,97,15,27,12,8,32,22,24,56,6,14,42,89,79,22,17,20,9,86,11,9,90,91,91,89,6,18,18,9,29,22,85,83,87,Default Stride Awkward,19,20,71,13,19,31,6,6,6,6,22,16,76,27,13
12692,90,Trey,Hendrickson,12/5/1994,76,270,FAU,1,29,91,7,Cincinnati Bengals,Right Defensive End,Week 8 Ratings,Smaller Speed Rusher - DE,88,82,81,85,81,92,45,74,12,28,41,30,44,66,6,94,84,80,92,39,17,17,10,18,36,10,90,45,45,44,6,91,77,37,90,16,45,45,45,Long Stride High and Tight,17,27,84,28,42,87,6,6,6,6,23,14,84,43,41
21648,90,Trey,Smith,6/16/1999,78,321,Tennessee,1,25,65,3,Kansas City Chiefs,Right Guard,Week 8 Ratings,Power - G,75,69,76,90,95,88,10,25,12,5,32,10,24,52,5,10,31,96,92,10,22,24,10,95,10,5,90,79,73,85,6,10,28,10,24,12,92,94,90,Default Stride Awkward,10,12,69,10,25,32,6,6,6,6,25,14,92,31,11
13091,90,Vita,Vea,2/5/1995,76,347,Washington,1,29,50,6,Tampa Bay Buccaneers,Defensive Tackle,Week 8 Ratings,Run Stopper - DT,74,71,70,82,98,90,55,85,18,46,68,24,40,60,16,72,89,94,92,59,16,15,10,42,28,17,90,45,45,45,10,92,85,22,87,15,52,48,52,Long Stride Default,26,18,72,43,53,94,13,16,20,13,24,12,97,68,35
12748,89,Aaron,Jones,12/2/1994,69,208,UTEP,1,29,33,7,Minnesota Vikings,Halfback,Week 8 Ratings,Elusive Back - HB,92,92,89,92,71,90,91,23,18,85,89,61,73,89,61,10,24,42,87,91,20,21,55,44,15,65,89,61,32,36,15,18,10,20,35,64,25,15,15,Default,70,63,90,86,85,27,20,30,35,15,30,12,91,84,20
21234,89,Alex,Highsmith,8/7/1997,76,242,Charlotte,1,27,56,4,Pittsburgh Steelers,Right Outside Linebacker,Week 8 Ratings,Speed Rusher - OLB,87,82,81,91,85,93,31,80,12,16,46,24,56,74,5,88,80,80,92,32,10,14,10,12,55,5,89,45,45,45,6,92,78,45,89,14,45,45,45,Long Stride Loose,10,27,85,27,32,88,6,6,6,6,24,10,88,32,63
20353,89,D.K.,Metcalf,12/14/1997,76,235,Ole Miss,1,26,14,5,Seattle Seahawks,Wide Receiver,Week 8 Ratings,Physical - WR,94,84,96,88,79,93,86,38,29,88,69,89,91,82,85,10,30,48,94,82,13,18,40,27,15,83,89,42,18,23,10,19,10,15,34,89,52,30,34,Long Stride Default,85,95,96,71,86,33,10,13,18,10,34,19,96,80,29
11079,89,DeMarcus,Lawrence,4/28/1992,75,265,Boise State,1,32,90,10,Dallas Cowboys,Left Defensive End,Week 8 Ratings,Run Stopper - DE,84,78,83,84,88,93,43,91,12,25,42,24,33,68,4,84,84,85,84,42,19,19,10,13,39,8,89,45,45,45,6,95,79,44,88,20,45,45,45,Default,15,25,83,32,42,88,6,6,6,6,25,14,95,45,50
13184,89,DJ,Moore,4/14/1997,72,210,Maryland,1,27,2,6,Chicago Bears,Wide Receiver,Week 8 Ratings,,92,93,95,93,66,93,96,22,23,87,73,91,95,89,85,10,18,41,95,94,13,18,80,20,18,84,89,30,25,22,15,22,10,29,36,89,56,24,30,Short Stride Loose,86,91,92,82,82,30,20,27,33,23,43,22,92,70,24
21009,89,Jaylon,Johnson,4/19/1999,72,196,Utah,1,25,1,4,Chicago Bears,Cornerback,Week 8 Ratings,Zone - CB,91,86,88,92,67,91,68,51,13,60,60,57,74,91,11,35,65,57,87,74,14,15,40,12,88,16,89,35,35,35,6,91,27,89,74,31,41,35,35,Long Stride Loose,26,65,90,68,46,59,6,6,6,6,27,13,95,40,95
20928,89,Jonathan,Taylor,1/19/1999,70,226,Wisconsin,1,25,28,4,Indianapolis Colts,Halfback,Week 8 Ratings,Elusive Back - HB,92,87,84,96,82,94,89,25,28,86,92,54,71,87,48,10,25,37,94,89,15,17,45,32,12,55,89,51,24,29,14,13,10,14,33,51,34,24,27,Default,62,56,93,84,93,27,15,20,25,17,29,15,92,87,19
13479,89,Jordan,Mailata,3/31/1997,80,365,No College,1,27,68,6,Philadelphia Eagles,Left Tackle,Week 8 Ratings,Agile - OT,66,69,75,94,89,92,62,36,12,44,64,55,57,57,20,15,60,92,90,51,13,18,10,94,12,25,89,90,88,92,6,16,15,10,57,20,91,95,87,Default,30,48,74,37,57,52,6,6,6,6,39,15,93,74,17
17752,89,Kevin,Byard III,8/17/1993,71,212,Mid Tenn St.,0,31,31,8,Chicago Bears,Free Safety,Week 8 Ratings,Zone - S,88,88,90,94,73,90,67,65,10,59,78,47,82,84,10,53,79,60,97,72,19,20,55,15,73,12,89,12,33,34,17,88,47,67,87,22,16,33,34,Default Stride Loose,31,68,89,60,48,81,36,26,31,18,44,26,90,52,87
22226,89,Kyle,Hamilton,3/16/2001,76,221,Notre Dame,1,23,14,2,Baltimore Ravens,Strong Safety,Week 8 Ratings,Run Support - S,91,87,90,91,72,88,70,68,35,57,68,68,78,79,32,64,88,67,89,73,21,22,35,34,82,34,89,35,35,35,15,89,52,85,92,44,35,35,35,Long Stride Default,37,72,88,65,55,78,20,24,28,33,36,20,87,55,85
21351,89,L'Jarius,Sneed,1/21/1997,73,192,LA. Tech,1,27,38,4,Tennessee Titans,Cornerback,Week 8 Ratings,Zone - CB,93,88,93,95,60,92,78,59,14,60,68,58,77,87,33,46,76,59,89,82,24,22,70,19,82,26,89,25,35,35,6,91,35,93,78,22,18,35,35,Default Stride Loose,30,70,95,80,48,63,6,6,6,6,27,15,82,50,89
11892,89,Tyrann,Mathieu,5/13/1992,69,190,LSU,1,32,32,11,New Orleans Saints,Free Safety,Week 8 Ratings,Hybrid - S,90,89,88,95,61,95,88,56,33,77,68,65,82,88,20,69,87,59,91,90,22,25,84,15,86,25,89,35,35,35,19,93,41,87,87,25,35,35,35,Short Stride Loose,35,73,88,85,55,71,17,20,26,27,35,25,94,35,84
21002,88,A.J.,Terrell Jr,9/23/1998,73,195,Clemson,1,25,24,4,Atlanta Falcons,Cornerback,Week 8 Ratings,Zone - CB,92,89,85,92,60,91,67,49,15,58,58,55,70,90,20,43,56,50,91,75,12,19,40,19,87,26,88,35,35,35,6,92,28,95,75,38,35,35,35,Default Stride Loose,31,62,92,66,47,54,6,6,6,6,22,13,83,35,92
2435,88,Amari,Cooper,6/17/1994,73,211,Alabama,1,30,18,9,Buffalo Bills,Wide Receiver,Week 8 Ratings,Deep Threat - WR,88,93,91,92,68,86,88,35,28,79,72,92,86,92,93,10,15,54,87,90,21,25,74,35,15,91,88,35,20,20,6,20,10,18,39,91,53,33,36,Default Stride Loose,90,94,91,80,72,25,10,15,25,15,45,20,94,61,25
20964,88,Andrew,Thomas,1/22/1999,77,315,Georgia,1,25,78,4,NY Giants,Left Tackle,Week 8 Ratings,Pass Protector - OT,66,64,78,89,90,85,17,27,12,8,33,20,46,58,10,10,30,93,86,22,22,24,10,86,12,14,88,91,90,93,6,13,10,10,24,19,81,82,80,Default Stride Awkward,29,42,69,11,27,31,6,6,6,6,23,14,86,33,15
23024,88,Brian,Branch,10/22/2001,72,190,Alabama,1,22,32,1,Detroit Lions,Strong Safety,Week 8 Ratings,Run Support - S,92,85,89,91,60,87,78,62,20,65,67,63,77,83,37,55,86,65,92,72,17,18,76,22,83,41,88,30,34,33,16,89,44,74,90,45,35,34,33,Default Stride Loose,46,66,88,65,42,75,16,21,25,15,27,15,91,45,88
12558,88,Cooper,Kupp,6/15/1993,74,208,Eastern Wash.,1,31,10,7,Los Angeles Rams,Wide Receiver,Week 8 Ratings,Slot - WR,92,92,82,99,66,90,94,28,22,84,76,87,90,92,88,10,26,56,89,90,20,22,84,34,15,90,88,46,34,39,37,22,10,10,31,87,64,28,32,Default,91,89,90,87,79,31,31,36,42,41,60,29,88,55,26
13159,88,D.J.,Reed Jr,11/11/1996,69,188,Kansas State,1,27,4,6,NY Jets,Cornerback,Week 8 Ratings,Zone - CB,92,87,87,95,52,91,72,53,17,61,57,65,74,89,11,37,53,47,88,76,10,14,82,13,82,15,88,35,35,35,6,90,29,87,76,14,35,35,35,Long Stride Loose,21,64,91,70,42,68,5,10,15,6,22,12,75,29,90
17567,88,Dak,Prescott,7/29/1993,74,238,Mississippi St.,1,31,4,8,Dallas Cowboys,Quarterback,Week 8 Ratings,Improviser - QB,84,83,79,95,75,83,86,29,89,74,68,20,42,81,15,9,40,39,90,72,22,26,13,29,12,17,88,21,18,14,90,21,9,9,33,19,39,35,38,Default,18,20,84,51,67,42,93,86,92,96,90,91,97,73,18
22485,88,DaRon,Bland,7/12/1999,72,197,Fresno State,1,25,26,2,Dallas Cowboys,Cornerback,Week 8 Ratings,Zone - CB,92,84,86,91,60,88,81,54,16,62,58,54,85,86,10,40,57,58,91,82,19,18,40,15,85,11,88,35,35,35,6,89,33,84,75,15,35,35,35,Long Stride Loose,15,59,90,69,36,67,6,6,6,6,22,10,86,26,94
22269,88,Derek,Stingley Jr,6/20/2001,72,190,LSU,1,23,24,2,Houston Texans,Cornerback,Week 8 Ratings,Zone - CB,93,94,92,90,58,85,78,49,25,65,63,69,82,92,30,44,69,47,80,84,19,20,72,18,88,35,88,25,34,33,10,85,36,80,70,44,25,34,33,Default Stride Loose,45,80,93,74,40,63,18,21,26,22,36,12,75,45,91
21286,88,Derrick,Brown,4/15/1998,77,320,Auburn,1,26,95,4,Carolina Panthers,Right Defensive End,Week 8 Ratings,Run Stopper - DE,76,70,68,87,98,93,53,88,33,38,56,47,53,58,33,65,84,88,95,52,14,22,30,42,24,38,88,48,44,48,25,91,83,23,89,39,50,46,50,Long Stride Default,42,49,73,50,52,94,27,30,35,36,41,31,95,60,30
21761,88,DeVonta,Smith,11/14/1998,72,170,Alabama,1,25,6,3,Philadelphia Eagles,Wide Receiver,Week 8 Ratings,Slot - WR,94,91,89,92,49,94,92,38,19,73,72,85,92,91,90,14,31,38,89,83,15,18,82,24,29,88,88,31,19,21,19,24,11,19,52,81,45,28,22,Default,89,88,91,76,58,36,14,19,25,17,31,19,87,46,36
